ID,level,group,other,present,preterit,imperfect,Participant,age,gender,review_quiz,only present?,word length,Total verbs,Past
Text_101,SPA 2,control,3,22,1,0,P2,20,Female,98,0,158,26,P
Text_105,SPA 2,control,1,21,1,0,P6,20,Non-binary / third gender,66,0,135,23,P
Text_106,SPA 2,control,3,17,1,0,P7,25,Male,83,0,114,21,P
Text_109,SPA 2,control,7,2,4,0,P10,26,Female,89,0,77,13,P
Text_110,SPA 2,control,7,5,12,0,P11,19,Male,82,0,134,24,P
Text_111,SPA 2,control,5,2,9,3,P12,21,Female,88,0,82,19,P
Text_113,SPA 2,control,4,12,2,0,P14,19,Female,92,0,95,18,P
Text_116,SPA 2,control,4,25,4,0,P17,21,Female,74,0,185,33,P
Text_117,SPA 2,control,2,4,1,0,P18,19,Male,90,0,66,7,P
Text_122,SPA 2,control,1,0,4,3,P23,19,Female,90,0,66,8,P
Text_123,SPA 2,control,0,0,10,1,P24,20,Female,80,0,82,11,P
Text_125,SPA 2,control,5,14,1,0,P25,20,Female,93,0,109,20,P
Text_100,SPA 2,control,4,17,0,0,P1,19,Female,75,1,124,21,NP
Text_102,SPA 2,control,3,18,0,0,P3,19,Male,89,1,111,21,NP
Text_103,SPA 2,control,5,17,0,0,P4,18,Male,92,1,92,22,NP
Text_104,SPA 2,control,6,12,0,0,P5,21,Male,96,1,106,18,NP
Text_107,SPA 2,control,5,20,0,0,P8,18,Female,93,1,117,25,NP
Text_108,SPA 2,control,6,18,0,0,P9,19,Female,74,1,123,24,NP
Text_112,SPA 2,control,7,20,0,0,P13,19,Female,90,1,144,27,NP
Text_114,SPA 2,control,10,18,0,0,P15,22,Male,82,0,134,28,NP
Text_115,SPA 2,control,7,17,0,0,P16,20,Female,93,1,128,24,NP
Text_118,SPA 2,control,0,10,0,0,P19,21,Female,76,0,59,10,NP
Text_119,SPA 2,control,2,10,0,0,P20,20,Female,92,1,56,12,NP
Text_120,SPA 2,control,3,11,0,0,P21,18,Female,89,1,59,14,NP
Text_121,SPA 2,control,2,10,0,0,P22,21,Female,95,1,59,12,NP
Text_130,SPA 2,intervention,2,15,0,2,P30,18,Female,91,0,128,19,P
Text_137,SPA 2,intervention,3,8,0,7,P37,18,Prefer not to say,84,0,111,18,P
Text_140,SPA 2,intervention,5,16,0,1,P40,25,Female,94,0,150,22,P
Text_143,SPA 2,intervention,9,19,0,2,P43,20,Female,95,0,158,30,P
Text_145,SPA 2,intervention,6,11,8,10,P45,19,Female,90,0,153,35,P
Text_146,SPA 2,intervention,2,25,1,0,P46,20,Male,91,0,162,28,P
Text_150,SPA 2,intervention,9,2,9,10,P50,20,Male,78,0,151,30,P
Text_151,SPA 2,intervention,4,9,5,9,P51,22,Female,84,0,152,27,P
Text_152,SPA 2,intervention,3,3,6,7,P52,19,Male,81,0,157,19,P
Text_126,SPA 2,intervention,2,21,0,0,P26,18,Female,87,1,138,23,NP
Text_127,SPA 2,intervention,3,21,0,0,P27,20,Female,93,1,109,24,NP
Text_128,SPA 2,intervention,2,16,0,0,P28,19,Female,93,1,129,18,NP
Text_129,SPA 2,intervention,5,20,0,0,P29,19,Female,82,0,156,25,NP
Text_131,SPA 2,intervention,3,18,0,0,P31,19,Female,67,1,108,21,NP
Text_132,SPA 2,intervention,6,15,0,0,P32,20,Female,90,1,105,21,NP
Text_133,SPA 2,intervention,5,20,0,0,P33,21,Male,76,1,116,25,NP
Text_134,SPA 2,intervention,2,18,0,0,P34,21,Male,90,1,160,20,NP
Text_135,SPA 2,intervention,3,14,0,0,P35,20,Female,82,1,98,17,NP
Text_136,SPA 2,intervention,4,12,0,0,P36,19,Female,90,1,91,16,NP
Text_138,SPA 2,intervention,4,15,0,0,P38,20,Female,96,1,113,19,NP
Text_139,SPA 2,intervention,6,9,0,0,P39,19,Female,92,1,97,15,NP
Text_141,SPA 2,intervention,7,16,0,0,P41,18,Male,91,1,127,23,NP
Text_142,SPA 2,intervention,9,13,0,0,P42,22,Non-binary / third gender,95,1,105,22,NP
Text_144,SPA 2,intervention,9,35,0,0,P44,18,Prefer not to say,57,1,165,44,NP
Text_147,SPA 2,intervention,4,21,0,0,P47,20,Female,91,1,165,25,NP
Text_148,SPA 2,intervention,4,24,0,0,P48,21,Female,95,1,164,28,NP
Text_149,SPA 2,intervention,5,25,0,0,P49,18,Male,74,1,158,30,NP
Text_153,SPA 2,intervention,10,22,0,0,P53,19,Non-binary / third gender,95,1,150,32,NP
Text_54,SPA 2,intervention,6,27,0,0,P54,20,Male,48,1,153,33,NP
Text_154,SPA 3,control,5,0,16,10,P55,24,Female,89,0,193,31,P
Text_156,SPA 3,control,1,30,3,0,P57,19,Male,95,0,253,34,P
Text_157,SPA 3,control,1,0,9,2,P58,20,Female,73,0,89,12,P
Text_158,SPA 3,control,6,3,15,4,P59,19,Female,90,0,156,28,P
Text_159,SPA 3,control,5,1,23,3,P60,19,Female,89,0,178,32,P
Text_162,SPA 3,control,4,2,8,4,P63,19,Female,73,0,127,18,P
Text_163,SPA 3,control,1,17,1,0,P64,21,Female,95,0,166,19,P
Text_164,SPA 3,control,1,3,8,1,P65,21,Male,78,0,91,13,P
Text_166,SPA 3,control,3,5,3,3,P67,20,Male,89,0,88,14,P
Text_167,SPA 3,control,5,19,3,2,P68,21,Male,93,0,181,29,P
Text_168,SPA 3,control,4,0,10,3,P69,21,Female,63,0,120,17,P
Text_169,SPA 3,control,9,1,11,5,P70,22,Non-binary / third gender,79,NA,136,26,P
Text_171,SPA 3,control,3,1,11,1,P72,20,Female,100,0,114,16,P
Text_172,SPA 3,control,2,7,13,4,P73,19,Female,100,0,191,26,P
Text_173,SPA 3,control,5,17,2,1,P74,19,Female,100,0,154,25,P
Text_174,SPA 3,control,4,0,11,11,P75,20,Female,100,0,139,26,P
Text_175,SPA 3,control,5,4,14,13,P76,20,Male,52,0,252,36,P
Text_176,SPA 3,control,2,3,14,1,P77,22,Female,100,0,138,20,P
Text_177,SPA 3,control,0,0,8,5,P78,18,Female,100,0,79,13,P
Text_178,SPA 3,control,1,1,9,0,P79,19,Female,89,0,76,11,P
Text_180,SPA 3,control,3,38,1,0,P81,19,Female,90,0,266,42,P
Text_181,SPA 3,control,7,0,29,9,P82,20,Female,100,0,258,45,P
Text_182,SPA 3,control,6,0,21,15,P83,18,Female,74,0,263,42,P
Text_183,SPA 3,control,1,0,11,2,P84,19,Male,92,0,90,14,P
Text_155,SPA 3,control,4,15,0,0,P56,18,Female,81,1,116,19,NP
Text_160,SPA 3,control,1,20,0,0,P61,18,Female,70,1,132,21,NP
Text_161,SPA 3,control,1,16,0,0,P62,19,Female,89,1,136,17,NP
Text_165,SPA 3,control,6,14,0,0,P66,19,Female,95,0,107,20,NP
Text_170,SPA 3,control,1,14,0,0,P71,20,Female,100,0,123,15,NP
Text_184,SPA 3,control,0,14,0,0,P85,20,Female,90,1,86,14,NP
Text_185,SPA 3,intervention,5,0,16,5,P86,22,Male,31,0,144,26,P
Text_186,SPA 3,intervention,3,1,13,7,P36,19,Female,93,0,154,24,P
Text_187,SPA 3,intervention,7,1,14,10,P87,21,Male,97,0,161,32,P
Text_188,SPA 3,intervention,2,11,3,1,P88,20,Female,76,0,108,17,P
Text_189,SPA 3,intervention,10,3,16,4,P34,21,Male,100,0,181,33,P
Text_190,SPA 3,intervention,3,0,15,9,P32,21,Female,79,0,177,27,P
Text_191,SPA 3,intervention,5,0,16,11,P89,19,Male,77,0,181,32,P
Text_192,SPA 3,intervention,6,0,23,6,P90,21,Male,88,0,168,35,P
Text_194,SPA 3,intervention,11,0,17,6,P92,20,Female,100,0,176,34,P
Text_196,SPA 3,intervention,3,0,10,6,P47,20,Female,94,0,103,19,P
Text_197,SPA 3,intervention,1,0,14,7,P94,19,Female,94,0,152,22,P
Text_199,SPA 3,intervention,6,16,3,2,P96,19,Male,94,0,166,27,P
Text_200,SPA 3,intervention,3,20,1,0,P97,19,Female,100,0,139,24,P
Text_201,SPA 3,intervention,5,15,5,2,P98,19,Male,97,0,152,27,P
Text_202,SPA 3,intervention,8,15,2,2,P99,20,Female,65,0,158,27,P
Text_204,SPA 3,intervention,5,9,6,6,P101,20,Female,81,0,151,26,P
Text_206,SPA 3,intervention,4,0,17,10,P38,20,Female,80,0,188,31,P
Text_207,SPA 3,intervention,4,0,15,6,P50,20,Male,53,0,162,25,P
Text_209,SPA 3,intervention,10,14,4,4,P43,20,Female,96,0,195,32,P
Text_210,SPA 3,intervention,8,10,15,4,P104,22,Male,74,0,195,37,P
Text_211,SPA 3,intervention,3,7,17,2,P105,19,Male,58,0,186,29,P
Text_212,SPA 3,intervention,6,6,11,8,P42,22,Non-binary / third gender,83,0,193,31,P
Text_213,SPA 3,intervention,2,0,19,8,P39,19,Female,100,0,189,29,P