Term,Group,Section,ID,score
spring_22,PFG,S22_1,P223,4
spring_22,PFG,S22_1,P224,14
spring_22,PFG,S22_1,P225,28
spring_22,PFG,S22_1,P226,20
spring_22,PFG,S22_1,P227,16
spring_22,PFG,S22_1,P228,30
spring_22,PFG,S22_1,P229,16
spring_22,PFG,S22_1,P230,18
spring_22,PFG,S22_1,P231,22
spring_22,PFG,S22_1,P232,30
spring_22,PFG,S22_1,P233,22
spring_22,PFG,S22_1,P234,30
spring_22,PFG,S22_1,P235,16
spring_22,PFG,S22_1,P236,30
spring_22,PFG,S22_1,P237,16
spring_22,PFG,S22_1,P238,22
spring_22,PFG,S22_1,P239,30
spring_22,PFG,S22_1,P240,26
spring_22,PFG,S22_1,P241,24
spring_22,PFG,S22_1,P242,20
spring_22,PFG,S22_1,P243,36
spring_22,PFG,S22_1,P244,18
spring_22,PFG,S22_1,P245,18
spring_22,PFG,S22_1,P246,26
spring_22,PFG,S22_1,P247,34
spring_22,PFG,S22_10,P430,34
spring_22,PFG,S22_10,P431,26
spring_22,PFG,S22_10,P433,34
spring_22,PFG,S22_10,P434,22
spring_22,PFG,S22_10,P435,16
spring_22,PFG,S22_10,P436,16
spring_22,PFG,S22_10,P437,10
spring_22,PFG,S22_10,P438,12
spring_22,PFG,S22_10,P439,16
spring_22,PFG,S22_2,P248,26
spring_22,PFG,S22_2,P249,32.5
spring_22,PFG,S22_2,P250,34.5
spring_22,PFG,S22_2,P251,33.5
spring_22,PFG,S22_2,P252,38
spring_22,PFG,S22_2,P253,30.5
spring_22,PFG,S22_2,P254,30
spring_22,PFG,S22_2,P255,7
spring_22,PFG,S22_2,P256,35
spring_22,PFG,S22_2,P257,22
spring_22,PFG,S22_2,P258,24.5
spring_22,PFG,S22_2,P259,19.5
spring_22,PFG,S22_2,P260,22
spring_22,PFG,S22_2,P261,31
spring_22,PFG,S22_2,P262,32
spring_22,PFG,S22_2,P263,30
spring_22,PFG,S22_2,P264,20.5
spring_22,PFG,S22_2,P265,33
spring_22,PFG,S22_2,P266,21.5
spring_22,PFG,S22_2,P267,33
spring_22,PFG,S22_2,P268,25
spring_22,PFG,S22_2,P269,27.5
spring_22,PFG,S22_2,P270,34.5
spring_22,PFG,S22_2,P271,23.5
spring_22,PFG,S22_3,P272,35.8
spring_22,PFG,S22_3,P273,10
spring_22,PFG,S22_3,P274,21.5
spring_22,PFG,S22_3,P275,35.75
spring_22,PFG,S22_3,P276,38
spring_22,PFG,S22_3,P277,32
spring_22,PFG,S22_3,P278,33.5
spring_22,PFG,S22_3,P279,33.5
spring_22,PFG,S22_3,P280,32.9
spring_22,PFG,S22_3,P281,18
spring_22,PFG,S22_3,P282,37.9
spring_22,PFG,S22_3,P283,33.8
spring_22,PFG,S22_3,P284,36
spring_22,PFG,S22_3,P285,37.9
spring_22,PFG,S22_3,P286,32.9
spring_22,PFG,S22_3,P287,33.9
spring_22,PFG,S22_3,P288,31
spring_22,PFG,S22_3,P289,16.5
spring_22,PFG,S22_3,P290,29.75
spring_22,PFG,S22_3,P291,27.8
spring_22,PFG,S22_3,P292,27.3
spring_22,PFG,S22_3,P293,35.75
spring_22,PFG,S22_3,P294,32.9
spring_22,PFG,S22_3,P295,35.75
spring_22,PFG,S22_3,P296,37.5
spring_22,PFG,S22_3,P297,31
spring_22,PFG,S22_4,P298,31.5
spring_22,PFG,S22_4,P299,22
spring_22,PFG,S22_4,P300,17
spring_22,PFG,S22_4,P301,29
spring_22,PFG,S22_4,P303,24
spring_22,PFG,S22_4,P304,17
spring_22,PFG,S22_4,P305,16
spring_22,PFG,S22_4,P306,29
spring_22,PFG,S22_4,P307,37
spring_22,PFG,S22_4,P308,29
spring_22,PFG,S22_4,P309,26
spring_22,PFG,S22_4,P310,17
spring_22,PFG,S22_4,P311,22.5
spring_22,PFG,S22_4,P312,24
spring_22,PFG,S22_4,P313,13
spring_22,PFG,S22_4,P314,27
spring_22,PFG,S22_4,P315,12
spring_22,PFG,S22_4,P316,28.5
spring_22,PFG,S22_4,P317,26
spring_22,PFG,S22_4,P318,21
spring_22,PFG,S22_5,P319,24
spring_22,PFG,S22_5,P320,22
spring_22,PFG,S22_5,P321,30
spring_22,PFG,S22_5,P322,18
spring_22,PFG,S22_5,P323,22
spring_22,PFG,S22_5,P324,30
spring_22,PFG,S22_5,P325,32
spring_22,PFG,S22_5,P326,26
spring_22,PFG,S22_5,P327,22
spring_22,PFG,S22_5,P328,18
spring_22,PFG,S22_5,P329,18
spring_22,PFG,S22_5,P330,32
spring_22,PFG,S22_5,P331,6
spring_22,PFG,S22_5,P332,32
spring_22,PFG,S22_5,P333,30
spring_22,PFG,S22_5,P334,26
spring_22,PFG,S22_5,P335,26
spring_22,PFG,S22_5,P336,24
spring_22,PFG,S22_5,P337,28
spring_22,PFG,S22_5,P338,30
spring_22,PFG,S22_5,P339,26
spring_22,PFG,S22_5,P340,16
spring_22,PFG,S22_6,P341,29
spring_22,PFG,S22_6,P342,36.5
spring_22,PFG,S22_6,P343,34
spring_22,PFG,S22_6,P344,31.5
spring_22,PFG,S22_6,P345,2
spring_22,PFG,S22_6,P346,32.5
spring_22,PFG,S22_6,P347,25
spring_22,PFG,S22_6,P348,32
spring_22,PFG,S22_6,P349,19.5
spring_22,PFG,S22_6,P350,24
spring_22,PFG,S22_6,P351,22
spring_22,PFG,S22_6,P352,26.5
spring_22,PFG,S22_6,P353,30.5
spring_22,PFG,S22_6,P354,30
spring_22,PFG,S22_6,P355,36
spring_22,PFG,S22_6,P356,35.5
spring_22,PFG,S22_6,P357,29
spring_22,PFG,S22_7,P358,7
spring_22,PFG,S22_7,P359,28
spring_22,PFG,S22_7,P360,28
spring_22,PFG,S22_7,P361,26
spring_22,PFG,S22_7,P362,27
spring_22,PFG,S22_7,P363,19
spring_22,PFG,S22_7,P364,23
spring_22,PFG,S22_7,P365,24
spring_22,PFG,S22_7,P366,19
spring_22,PFG,S22_7,P367,24
spring_22,PFG,S22_7,P368,32
spring_22,PFG,S22_7,P369,20
spring_22,PFG,S22_7,P370,27
spring_22,PFG,S22_7,P371,20
spring_22,PFG,S22_7,P372,20
spring_22,PFG,S22_7,P373,27
spring_22,PFG,S22_7,P374,28
spring_22,PFG,S22_7,P375,13.5
spring_22,PFG,S22_7,P376,32
spring_22,PFG,S22_7,P377,27
spring_22,PFG,S22_7,P378,38
spring_22,PFG,S22_7,P379,15
spring_22,PFG,S22_7,P380,30
spring_22,PFG,S22_7,P381,16
spring_22,PFG,S22_7,P382,26
spring_22,PFG,S22_8,P383,27
spring_22,PFG,S22_8,P384,22.5
spring_22,PFG,S22_8,P385,28
spring_22,PFG,S22_8,P386,29
spring_22,PFG,S22_8,P387,30
spring_22,PFG,S22_8,P388,36
spring_22,PFG,S22_8,P389,36
spring_22,PFG,S22_8,P390,33
spring_22,PFG,S22_8,P391,31
spring_22,PFG,S22_8,P392,33
spring_22,PFG,S22_8,P393,27
spring_22,PFG,S22_8,P394,28
spring_22,PFG,S22_8,P395,30
spring_22,PFG,S22_8,P396,22
spring_22,PFG,S22_8,P397,31
spring_22,PFG,S22_8,P398,30
spring_22,PFG,S22_8,P399,27
spring_22,PFG,S22_8,P400,30
spring_22,PFG,S22_8,P401,31
spring_22,PFG,S22_8,P402,35
spring_22,PFG,S22_8,P404,30
spring_22,PFG,S22_8,P405,27
spring_22,PFG,S22_9,P406,14
spring_22,PFG,S22_9,P407,28
spring_22,PFG,S22_9,P408,22
spring_22,PFG,S22_9,P409,20
spring_22,PFG,S22_9,P410,22
spring_22,PFG,S22_9,P411,18
spring_22,PFG,S22_9,P412,28
spring_22,PFG,S22_9,P413,26
spring_22,PFG,S22_9,P414,28
spring_22,PFG,S22_9,P415,14
spring_22,PFG,S22_9,P416,30
spring_22,PFG,S22_9,P417,12
spring_22,PFG,S22_9,P418,20
spring_22,PFG,S22_9,P419,30
spring_22,PFG,S22_9,P420,12
spring_22,PFG,S22_9,P421,32
spring_22,PFG,S22_9,P422,18
spring_22,PFG,S22_9,P423,32
spring_22,PFG,S22_9,P424,36
spring_22,PFG,S22_9,P425,12
spring_22,PFG,S22_9,P426,18
spring_22,PFG,S22_9,P427,28
spring_22,PFG,S22_9,P428,28
spring_22,PFG,S22_9,P429,32
spring_23,IFG,S23_1,P1,32
spring_23,IFG,S23_1,P10,30
spring_23,IFG,S23_1,P11,32
spring_23,IFG,S23_1,P12,34
spring_23,IFG,S23_1,P13,36
spring_23,IFG,S23_1,P14,28
spring_23,IFG,S23_1,P15,32
spring_23,IFG,S23_1,P16,36
spring_23,IFG,S23_1,P17,18
spring_23,IFG,S23_1,P18,28
spring_23,IFG,S23_1,P19,32
spring_23,IFG,S23_1,P2,30
spring_23,IFG,S23_1,P20,34
spring_23,IFG,S23_1,P21,12
spring_23,IFG,S23_1,P22,30
spring_23,IFG,S23_1,P23,14
spring_23,IFG,S23_1,P24,14
spring_23,IFG,S23_1,P3,24
spring_23,IFG,S23_1,P4,34
spring_23,IFG,S23_1,P5,24
spring_23,IFG,S23_1,P6,32
spring_23,IFG,S23_1,P7,18
spring_23,IFG,S23_1,P8,28
spring_23,IFG,S23_1,P9,22
spring_23,IFG,S23_10,P172,37
spring_23,IFG,S23_10,P173,35
spring_23,IFG,S23_10,P174,33.5
spring_23,IFG,S23_10,P175,37
spring_23,IFG,S23_10,P176,32
spring_23,IFG,S23_10,P177,32
spring_23,IFG,S23_10,P178,36
spring_23,IFG,S23_10,P179,30
spring_23,IFG,S23_10,P180,32
spring_23,IFG,S23_10,P181,14
spring_23,IFG,S23_10,P182,36
spring_23,IFG,S23_10,P183,37
spring_23,IFG,S23_10,P184,33
spring_23,IFG,S23_10,P185,30
spring_23,IFG,S23_10,P186,35
spring_23,IFG,S23_10,P188,25
spring_23,IFG,S23_10,P189,31
spring_23,IFG,S23_10,P190,35
spring_23,IFG,S23_10,P191,37
spring_23,IFG,S23_10,P192,25
spring_23,IFG,S23_10,P193,19
spring_23,IFG,S23_10,P195,36
spring_23,IFG,S23_10,P196,38
spring_23,IFG,S23_10,P197,23
spring_23,IFG,S23_11,P198,37
spring_23,IFG,S23_11,P199,29
spring_23,IFG,S23_11,P200,31.75
spring_23,IFG,S23_11,P201,34
spring_23,IFG,S23_11,P202,28
spring_23,IFG,S23_11,P203,36
spring_23,IFG,S23_11,P204,36
spring_23,IFG,S23_11,P205,36
spring_23,IFG,S23_11,P206,33.5
spring_23,IFG,S23_11,P207,37.25
spring_23,IFG,S23_11,P208,27
spring_23,IFG,S23_11,P209,29.8
spring_23,IFG,S23_11,P210,38
spring_23,IFG,S23_11,P211,38
spring_23,IFG,S23_11,P212,29
spring_23,IFG,S23_11,P213,35
spring_23,IFG,S23_11,P214,37.5
spring_23,IFG,S23_11,P215,38
spring_23,IFG,S23_11,P216,32.5
spring_23,IFG,S23_11,P217,35
spring_23,IFG,S23_11,P218,37.75
spring_23,IFG,S23_11,P219,25
spring_23,IFG,S23_11,P220,30.5
spring_23,IFG,S23_11,P221,32
spring_23,IFG,S23_11,P222,31.75
spring_23,IFG,S23_2,P26,28
spring_23,IFG,S23_2,P27,32
spring_23,IFG,S23_2,P28,14
spring_23,IFG,S23_2,P29,22
spring_23,IFG,S23_2,P30,34
spring_23,IFG,S23_2,P31,26
spring_23,IFG,S23_2,P32,22
spring_23,IFG,S23_2,P33,16
spring_23,IFG,S23_2,P34,34
spring_23,IFG,S23_2,P36,16
spring_23,IFG,S23_2,P37,32
spring_23,IFG,S23_2,P38,22
spring_23,IFG,S23_2,P39,38
spring_23,IFG,S23_2,P40,28
spring_23,IFG,S23_2,P41,28
spring_23,IFG,S23_2,P43,20
spring_23,IFG,S23_2,P44,28
spring_23,IFG,S23_2,P45,6
spring_23,IFG,S23_3,P46,30
spring_23,IFG,S23_3,P47,28
spring_23,IFG,S23_3,P48,20
spring_23,IFG,S23_3,P49,28
spring_23,IFG,S23_3,P50,22
spring_23,IFG,S23_3,P51,22
spring_23,IFG,S23_3,P52,24
spring_23,IFG,S23_3,P53,32
spring_23,IFG,S23_3,P54,30
spring_23,IFG,S23_3,P55,20
spring_23,IFG,S23_3,P56,22
spring_23,IFG,S23_3,P57,14
spring_23,IFG,S23_3,P58,26
spring_23,IFG,S23_3,P59,20
spring_23,IFG,S23_3,P60,34
spring_23,IFG,S23_3,P61,30
spring_23,IFG,S23_3,P62,30
spring_23,IFG,S23_3,P63,8
spring_23,IFG,S23_3,P64,34
spring_23,IFG,S23_3,P65,28
spring_23,IFG,S23_3,P66,24
spring_23,IFG,S23_3,P67,30
spring_23,IFG,S23_3,P68,28
spring_23,IFG,S23_3,P69,18
spring_23,IFG,S23_3,P70,34
spring_23,IFG,S23_4,P71,16
spring_23,IFG,S23_4,P72,38
spring_23,IFG,S23_4,P73,30
spring_23,IFG,S23_4,P74,18
spring_23,IFG,S23_4,P75,26
spring_23,IFG,S23_5,P76,34
spring_23,IFG,S23_5,P77,34
spring_23,IFG,S23_5,P78,16
spring_23,IFG,S23_5,P79,34
spring_23,IFG,S23_5,P80,28
spring_23,IFG,S23_5,P81,18
spring_23,IFG,S23_5,P83,18
spring_23,IFG,S23_5,P84,20
spring_23,IFG,S23_5,P85,8
spring_23,IFG,S23_5,P86,22
spring_23,IFG,S23_5,P87,8
spring_23,IFG,S23_5,P88,4
spring_23,IFG,S23_5,P89,32
spring_23,IFG,S23_5,P90,34
spring_23,IFG,S23_5,P91,34
spring_23,IFG,S23_5,P92,18
spring_23,IFG,S23_5,P93,10
spring_23,IFG,S23_5,P94,28
spring_23,IFG,S23_6,P100,31
spring_23,IFG,S23_6,P101,26
spring_23,IFG,S23_6,P102,28
spring_23,IFG,S23_6,P103,37
spring_23,IFG,S23_6,P104,28
spring_23,IFG,S23_6,P105,11
spring_23,IFG,S23_6,P106,30
spring_23,IFG,S23_6,P107,31
spring_23,IFG,S23_6,P95,38
spring_23,IFG,S23_6,P96,38
spring_23,IFG,S23_6,P97,34
spring_23,IFG,S23_6,P98,28
spring_23,IFG,S23_6,P99,28
spring_23,IFG,S23_7,P108,22
spring_23,IFG,S23_7,P109,34
spring_23,IFG,S23_7,P110,30
spring_23,IFG,S23_7,P111,20
spring_23,IFG,S23_7,P112,20
spring_23,IFG,S23_7,P113,28
spring_23,IFG,S23_7,P114,34
spring_23,IFG,S23_7,P115,34
spring_23,IFG,S23_7,P116,38
spring_23,IFG,S23_7,P117,34
spring_23,IFG,S23_7,P118,34
spring_23,IFG,S23_7,P119,34
spring_23,IFG,S23_7,P120,18
spring_23,IFG,S23_7,P121,16
spring_23,IFG,S23_7,P122,36
spring_23,IFG,S23_7,P124,38
spring_23,IFG,S23_7,P125,20
spring_23,IFG,S23_7,P126,22
spring_23,IFG,S23_7,P127,16
spring_23,IFG,S23_7,P128,18
spring_23,IFG,S23_7,P129,28
spring_23,IFG,S23_7,P130,30
spring_23,IFG,S23_8,P131,10
spring_23,IFG,S23_8,P132,30
spring_23,IFG,S23_8,P133,32
spring_23,IFG,S23_8,P134,28
spring_23,IFG,S23_8,P135,16
spring_23,IFG,S23_8,P136,22
spring_23,IFG,S23_8,P137,30
spring_23,IFG,S23_8,P138,34
spring_23,IFG,S23_8,P139,34
spring_23,IFG,S23_8,P140,24
spring_23,IFG,S23_8,P141,26
spring_23,IFG,S23_8,P142,30
spring_23,IFG,S23_8,P143,2
spring_23,IFG,S23_8,P144,24
spring_23,IFG,S23_8,P145,30
spring_23,IFG,S23_8,P146,32
spring_23,IFG,S23_8,P147,18
spring_23,IFG,S23_8,P148,14
spring_23,IFG,S23_8,P149,34
spring_23,IFG,S23_8,P150,6
spring_23,IFG,S23_9,P151,30
spring_23,IFG,S23_9,P152,28
spring_23,IFG,S23_9,P153,26
spring_23,IFG,S23_9,P154,34
spring_23,IFG,S23_9,P155,32
spring_23,IFG,S23_9,P156,24
spring_23,IFG,S23_9,P157,26
spring_23,IFG,S23_9,P158,24
spring_23,IFG,S23_9,P159,24
spring_23,IFG,S23_9,P160,36
spring_23,IFG,S23_9,P161,26
spring_23,IFG,S23_9,P162,28
spring_23,IFG,S23_9,P163,24
spring_23,IFG,S23_9,P164,26
spring_23,IFG,S23_9,P165,26
spring_23,IFG,S23_9,P166,28
spring_23,IFG,S23_9,P167,2
spring_23,IFG,S23_9,P168,34
spring_23,IFG,S23_9,P169,12
spring_23,IFG,S23_9,P170,36
spring_23,IFG,S23_9,P171,22
